{"cameraMode":{"drawMode":0,"name":"Shaded","section":"Shading Mode"},"sceneLighting":false,"audioPlay":false,"sceneViewState":{"showFog":true,"showMaterialUpdate":false,"showSkybox":false,"showFlares":true,"showImageEffects":true,"showParticleSystems":true},"in2DMode":false,"pivot":{"x":-93.94499969482422,"y":-0.2149999737739563,"z":231.65501403808595},"rotation":{"x":-0.0014723856002092362,"y":-0.19082242250442506,"z":-0.0002861939137801528,"w":0.9816248416900635},"size":1017.1393432617188,"orthographic":true}